local_frame_1based,subset_frame_idx,original_frame_idx,window_id,image_path
1,0,0,0,/Users/ohqishean/AIC-REID/experiments/dense_mot_cam1/frames/cam1_f000000.jpg
2,1,1,0,/Users/ohqishean/AIC-REID/experiments/dense_mot_cam1/frames/cam1_f000001.jpg
3,2,2,0,/Users/ohqishean/AIC-REID/experiments/dense_mot_cam1/frames/cam1_f000002.jpg
4,3,3,0,/Users/ohqishean/AIC-REID/experiments/dense_mot_cam1/frames/cam1_f000003.jpg
5,4,4,0,/Users/ohqishean/AIC-REID/experiments/dense_mot_cam1/frames/cam1_f000004.jpg
6,5,5,0,/Users/ohqishean/AIC-REID/experiments/dense_mot_cam1/frames/cam1_f000005.jpg
7,6,6,0,/Users/ohqishean/AIC-REID/experiments/dense_mot_cam1/frames/cam1_f000006.jpg
8,7,7,0,/Users/ohqishean/AIC-REID/experiments/dense_mot_cam1/frames/cam1_f000007.jpg
9,8,8,0,/Users/ohqishean/AIC-REID/experiments/dense_mot_cam1/frames/cam1_f000008.jpg
10,9,9,0,/Users/ohqishean/AIC-REID/experiments/dense_mot_cam1/frames/cam1_f000009.jpg
11,10,10,0,/Users/ohqishean/AIC-REID/experiments/dense_mot_cam1/frames/cam1_f000010.jpg
12,11,11,0,/Users/ohqishean/AIC-REID/experiments/dense_mot_cam1/frames/cam1_f000011.jpg
13,12,12,0,/Users/ohqishean/AIC-REID/experiments/dense_mot_cam1/frames/cam1_f000012.jpg
14,13,13,0,/Users/ohqishean/AIC-REID/experiments/dense_mot_cam1/frames/cam1_f000013.jpg
15,14,14,0,/Users/ohqishean/AIC-REID/experiments/dense_mot_cam1/frames/cam1_f000014.jpg
16,15,15,0,/Users/ohqishean/AIC-REID/experiments/dense_mot_cam1/frames/cam1_f000015.jpg
17,16,16,0,/Users/ohqishean/AIC-REID/experiments/dense_mot_cam1/frames/cam1_f000016.jpg
18,17,17,0,/Users/ohqishean/AIC-REID/experiments/dense_mot_cam1/frames/cam1_f000017.jpg
19,18,18,0,/Users/ohqishean/AIC-REID/experiments/dense_mot_cam1/frames/cam1_f000018.jpg
20,19,19,0,/Users/ohqishean/AIC-REID/experiments/dense_mot_cam1/frames/cam1_f000019.jpg
21,20,20,0,/Users/ohqishean/AIC-REID/experiments/dense_mot_cam1/frames/cam1_f000020.jpg
22,21,21,0,/Users/ohqishean/AIC-REID/experiments/dense_mot_cam1/frames/cam1_f000021.jpg
23,22,22,0,/Users/ohqishean/AIC-REID/experiments/dense_mot_cam1/frames/cam1_f000022.jpg
24,23,23,0,/Users/ohqishean/AIC-REID/experiments/dense_mot_cam1/frames/cam1_f000023.jpg
25,24,24,0,/Users/ohqishean/AIC-REID/experiments/dense_mot_cam1/frames/cam1_f000024.jpg
26,25,25,0,/Users/ohqishean/AIC-REID/experiments/dense_mot_cam1/frames/cam1_f000025.jpg
27,26,26,0,/Users/ohqishean/AIC-REID/experiments/dense_mot_cam1/frames/cam1_f000026.jpg
28,27,27,0,/Users/ohqishean/AIC-REID/experiments/dense_mot_cam1/frames/cam1_f000027.jpg
29,28,28,0,/Users/ohqishean/AIC-REID/experiments/dense_mot_cam1/frames/cam1_f000028.jpg
30,29,29,0,/Users/ohqishean/AIC-REID/experiments/dense_mot_cam1/frames/cam1_f000029.jpg
31,30,180,1,/Users/ohqishean/AIC-REID/experiments/dense_mot_cam1/frames/cam1_f000180.jpg
32,31,181,1,/Users/ohqishean/AIC-REID/experiments/dense_mot_cam1/frames/cam1_f000181.jpg
33,32,182,1,/Users/ohqishean/AIC-REID/experiments/dense_mot_cam1/frames/cam1_f000182.jpg
34,33,183,1,/Users/ohqishean/AIC-REID/experiments/dense_mot_cam1/frames/cam1_f000183.jpg
35,34,184,1,/Users/ohqishean/AIC-REID/experiments/dense_mot_cam1/frames/cam1_f000184.jpg
36,35,185,1,/Users/ohqishean/AIC-REID/experiments/dense_mot_cam1/frames/cam1_f000185.jpg
37,36,186,1,/Users/ohqishean/AIC-REID/experiments/dense_mot_cam1/frames/cam1_f000186.jpg
38,37,187,1,/Users/ohqishean/AIC-REID/experiments/dense_mot_cam1/frames/cam1_f000187.jpg
39,38,188,1,/Users/ohqishean/AIC-REID/experiments/dense_mot_cam1/frames/cam1_f000188.jpg
40,39,189,1,/Users/ohqishean/AIC-REID/experiments/dense_mot_cam1/frames/cam1_f000189.jpg
41,40,190,1,/Users/ohqishean/AIC-REID/experiments/dense_mot_cam1/frames/cam1_f000190.jpg
42,41,191,1,/Users/ohqishean/AIC-REID/experiments/dense_mot_cam1/frames/cam1_f000191.jpg
43,42,192,1,/Users/ohqishean/AIC-REID/experiments/dense_mot_cam1/frames/cam1_f000192.jpg
44,43,193,1,/Users/ohqishean/AIC-REID/experiments/dense_mot_cam1/frames/cam1_f000193.jpg
45,44,194,1,/Users/ohqishean/AIC-REID/experiments/dense_mot_cam1/frames/cam1_f000194.jpg
46,45,195,1,/Users/ohqishean/AIC-REID/experiments/dense_mot_cam1/frames/cam1_f000195.jpg
47,46,196,1,/Users/ohqishean/AIC-REID/experiments/dense_mot_cam1/frames/cam1_f000196.jpg
48,47,197,1,/Users/ohqishean/AIC-REID/experiments/dense_mot_cam1/frames/cam1_f000197.jpg
49,48,198,1,/Users/ohqishean/AIC-REID/experiments/dense_mot_cam1/frames/cam1_f000198.jpg
50,49,199,1,/Users/ohqishean/AIC-REID/experiments/dense_mot_cam1/frames/cam1_f000199.jpg
51,50,200,1,/Users/ohqishean/AIC-REID/experiments/dense_mot_cam1/frames/cam1_f000200.jpg
52,51,201,1,/Users/ohqishean/AIC-REID/experiments/dense_mot_cam1/frames/cam1_f000201.jpg
53,52,202,1,/Users/ohqishean/AIC-REID/experiments/dense_mot_cam1/frames/cam1_f000202.jpg
54,53,203,1,/Users/ohqishean/AIC-REID/experiments/dense_mot_cam1/frames/cam1_f000203.jpg
55,54,204,1,/Users/ohqishean/AIC-REID/experiments/dense_mot_cam1/frames/cam1_f000204.jpg
56,55,205,1,/Users/ohqishean/AIC-REID/experiments/dense_mot_cam1/frames/cam1_f000205.jpg
57,56,206,1,/Users/ohqishean/AIC-REID/experiments/dense_mot_cam1/frames/cam1_f000206.jpg
58,57,207,1,/Users/ohqishean/AIC-REID/experiments/dense_mot_cam1/frames/cam1_f000207.jpg
59,58,208,1,/Users/ohqishean/AIC-REID/experiments/dense_mot_cam1/frames/cam1_f000208.jpg
60,59,209,1,/Users/ohqishean/AIC-REID/experiments/dense_mot_cam1/frames/cam1_f000209.jpg
61,60,360,2,/Users/ohqishean/AIC-REID/experiments/dense_mot_cam1/frames/cam1_f000360.jpg
62,61,361,2,/Users/ohqishean/AIC-REID/experiments/dense_mot_cam1/frames/cam1_f000361.jpg
63,62,362,2,/Users/ohqishean/AIC-REID/experiments/dense_mot_cam1/frames/cam1_f000362.jpg
64,63,363,2,/Users/ohqishean/AIC-REID/experiments/dense_mot_cam1/frames/cam1_f000363.jpg
65,64,364,2,/Users/ohqishean/AIC-REID/experiments/dense_mot_cam1/frames/cam1_f000364.jpg
66,65,365,2,/Users/ohqishean/AIC-REID/experiments/dense_mot_cam1/frames/cam1_f000365.jpg
67,66,366,2,/Users/ohqishean/AIC-REID/experiments/dense_mot_cam1/frames/cam1_f000366.jpg
68,67,367,2,/Users/ohqishean/AIC-REID/experiments/dense_mot_cam1/frames/cam1_f000367.jpg
69,68,368,2,/Users/ohqishean/AIC-REID/experiments/dense_mot_cam1/frames/cam1_f000368.jpg
70,69,369,2,/Users/ohqishean/AIC-REID/experiments/dense_mot_cam1/frames/cam1_f000369.jpg
71,70,370,2,/Users/ohqishean/AIC-REID/experiments/dense_mot_cam1/frames/cam1_f000370.jpg
72,71,371,2,/Users/ohqishean/AIC-REID/experiments/dense_mot_cam1/frames/cam1_f000371.jpg
73,72,372,2,/Users/ohqishean/AIC-REID/experiments/dense_mot_cam1/frames/cam1_f000372.jpg
74,73,373,2,/Users/ohqishean/AIC-REID/experiments/dense_mot_cam1/frames/cam1_f000373.jpg
75,74,374,2,/Users/ohqishean/AIC-REID/experiments/dense_mot_cam1/frames/cam1_f000374.jpg
76,75,375,2,/Users/ohqishean/AIC-REID/experiments/dense_mot_cam1/frames/cam1_f000375.jpg
77,76,376,2,/Users/ohqishean/AIC-REID/experiments/dense_mot_cam1/frames/cam1_f000376.jpg
78,77,377,2,/Users/ohqishean/AIC-REID/experiments/dense_mot_cam1/frames/cam1_f000377.jpg
79,78,378,2,/Users/ohqishean/AIC-REID/experiments/dense_mot_cam1/frames/cam1_f000378.jpg
80,79,379,2,/Users/ohqishean/AIC-REID/experiments/dense_mot_cam1/frames/cam1_f000379.jpg
81,80,380,2,/Users/ohqishean/AIC-REID/experiments/dense_mot_cam1/frames/cam1_f000380.jpg
82,81,381,2,/Users/ohqishean/AIC-REID/experiments/dense_mot_cam1/frames/cam1_f000381.jpg
83,82,382,2,/Users/ohqishean/AIC-REID/experiments/dense_mot_cam1/frames/cam1_f000382.jpg
84,83,383,2,/Users/ohqishean/AIC-REID/experiments/dense_mot_cam1/frames/cam1_f000383.jpg
85,84,384,2,/Users/ohqishean/AIC-REID/experiments/dense_mot_cam1/frames/cam1_f000384.jpg
86,85,385,2,/Users/ohqishean/AIC-REID/experiments/dense_mot_cam1/frames/cam1_f000385.jpg
87,86,386,2,/Users/ohqishean/AIC-REID/experiments/dense_mot_cam1/frames/cam1_f000386.jpg
88,87,387,2,/Users/ohqishean/AIC-REID/experiments/dense_mot_cam1/frames/cam1_f000387.jpg
89,88,388,2,/Users/ohqishean/AIC-REID/experiments/dense_mot_cam1/frames/cam1_f000388.jpg
90,89,389,2,/Users/ohqishean/AIC-REID/experiments/dense_mot_cam1/frames/cam1_f000389.jpg
91,90,540,3,/Users/ohqishean/AIC-REID/experiments/dense_mot_cam1/frames/cam1_f000540.jpg
92,91,541,3,/Users/ohqishean/AIC-REID/experiments/dense_mot_cam1/frames/cam1_f000541.jpg
93,92,542,3,/Users/ohqishean/AIC-REID/experiments/dense_mot_cam1/frames/cam1_f000542.jpg
94,93,543,3,/Users/ohqishean/AIC-REID/experiments/dense_mot_cam1/frames/cam1_f000543.jpg
95,94,544,3,/Users/ohqishean/AIC-REID/experiments/dense_mot_cam1/frames/cam1_f000544.jpg
96,95,545,3,/Users/ohqishean/AIC-REID/experiments/dense_mot_cam1/frames/cam1_f000545.jpg
97,96,546,3,/Users/ohqishean/AIC-REID/experiments/dense_mot_cam1/frames/cam1_f000546.jpg
98,97,547,3,/Users/ohqishean/AIC-REID/experiments/dense_mot_cam1/frames/cam1_f000547.jpg
99,98,548,3,/Users/ohqishean/AIC-REID/experiments/dense_mot_cam1/frames/cam1_f000548.jpg
100,99,549,3,/Users/ohqishean/AIC-REID/experiments/dense_mot_cam1/frames/cam1_f000549.jpg
101,100,550,3,/Users/ohqishean/AIC-REID/experiments/dense_mot_cam1/frames/cam1_f000550.jpg
102,101,551,3,/Users/ohqishean/AIC-REID/experiments/dense_mot_cam1/frames/cam1_f000551.jpg
103,102,552,3,/Users/ohqishean/AIC-REID/experiments/dense_mot_cam1/frames/cam1_f000552.jpg
104,103,553,3,/Users/ohqishean/AIC-REID/experiments/dense_mot_cam1/frames/cam1_f000553.jpg
105,104,554,3,/Users/ohqishean/AIC-REID/experiments/dense_mot_cam1/frames/cam1_f000554.jpg
106,105,555,3,/Users/ohqishean/AIC-REID/experiments/dense_mot_cam1/frames/cam1_f000555.jpg
107,106,556,3,/Users/ohqishean/AIC-REID/experiments/dense_mot_cam1/frames/cam1_f000556.jpg
108,107,557,3,/Users/ohqishean/AIC-REID/experiments/dense_mot_cam1/frames/cam1_f000557.jpg
109,108,558,3,/Users/ohqishean/AIC-REID/experiments/dense_mot_cam1/frames/cam1_f000558.jpg
110,109,559,3,/Users/ohqishean/AIC-REID/experiments/dense_mot_cam1/frames/cam1_f000559.jpg
111,110,560,3,/Users/ohqishean/AIC-REID/experiments/dense_mot_cam1/frames/cam1_f000560.jpg
112,111,561,3,/Users/ohqishean/AIC-REID/experiments/dense_mot_cam1/frames/cam1_f000561.jpg
113,112,562,3,/Users/ohqishean/AIC-REID/experiments/dense_mot_cam1/frames/cam1_f000562.jpg
114,113,563,3,/Users/ohqishean/AIC-REID/experiments/dense_mot_cam1/frames/cam1_f000563.jpg
115,114,564,3,/Users/ohqishean/AIC-REID/experiments/dense_mot_cam1/frames/cam1_f000564.jpg
116,115,565,3,/Users/ohqishean/AIC-REID/experiments/dense_mot_cam1/frames/cam1_f000565.jpg
117,116,566,3,/Users/ohqishean/AIC-REID/experiments/dense_mot_cam1/frames/cam1_f000566.jpg
118,117,567,3,/Users/ohqishean/AIC-REID/experiments/dense_mot_cam1/frames/cam1_f000567.jpg
119,118,568,3,/Users/ohqishean/AIC-REID/experiments/dense_mot_cam1/frames/cam1_f000568.jpg
120,119,569,3,/Users/ohqishean/AIC-REID/experiments/dense_mot_cam1/frames/cam1_f000569.jpg
121,120,720,4,/Users/ohqishean/AIC-REID/experiments/dense_mot_cam1/frames/cam1_f000720.jpg
122,121,721,4,/Users/ohqishean/AIC-REID/experiments/dense_mot_cam1/frames/cam1_f000721.jpg
123,122,722,4,/Users/ohqishean/AIC-REID/experiments/dense_mot_cam1/frames/cam1_f000722.jpg
124,123,723,4,/Users/ohqishean/AIC-REID/experiments/dense_mot_cam1/frames/cam1_f000723.jpg
125,124,724,4,/Users/ohqishean/AIC-REID/experiments/dense_mot_cam1/frames/cam1_f000724.jpg
126,125,725,4,/Users/ohqishean/AIC-REID/experiments/dense_mot_cam1/frames/cam1_f000725.jpg
127,126,726,4,/Users/ohqishean/AIC-REID/experiments/dense_mot_cam1/frames/cam1_f000726.jpg
128,127,727,4,/Users/ohqishean/AIC-REID/experiments/dense_mot_cam1/frames/cam1_f000727.jpg
129,128,728,4,/Users/ohqishean/AIC-REID/experiments/dense_mot_cam1/frames/cam1_f000728.jpg
130,129,729,4,/Users/ohqishean/AIC-REID/experiments/dense_mot_cam1/frames/cam1_f000729.jpg
131,130,730,4,/Users/ohqishean/AIC-REID/experiments/dense_mot_cam1/frames/cam1_f000730.jpg
132,131,731,4,/Users/ohqishean/AIC-REID/experiments/dense_mot_cam1/frames/cam1_f000731.jpg
133,132,732,4,/Users/ohqishean/AIC-REID/experiments/dense_mot_cam1/frames/cam1_f000732.jpg
134,133,733,4,/Users/ohqishean/AIC-REID/experiments/dense_mot_cam1/frames/cam1_f000733.jpg
135,134,734,4,/Users/ohqishean/AIC-REID/experiments/dense_mot_cam1/frames/cam1_f000734.jpg
136,135,735,4,/Users/ohqishean/AIC-REID/experiments/dense_mot_cam1/frames/cam1_f000735.jpg
137,136,736,4,/Users/ohqishean/AIC-REID/experiments/dense_mot_cam1/frames/cam1_f000736.jpg
138,137,737,4,/Users/ohqishean/AIC-REID/experiments/dense_mot_cam1/frames/cam1_f000737.jpg
139,138,738,4,/Users/ohqishean/AIC-REID/experiments/dense_mot_cam1/frames/cam1_f000738.jpg
140,139,739,4,/Users/ohqishean/AIC-REID/experiments/dense_mot_cam1/frames/cam1_f000739.jpg
141,140,740,4,/Users/ohqishean/AIC-REID/experiments/dense_mot_cam1/frames/cam1_f000740.jpg
142,141,741,4,/Users/ohqishean/AIC-REID/experiments/dense_mot_cam1/frames/cam1_f000741.jpg
143,142,742,4,/Users/ohqishean/AIC-REID/experiments/dense_mot_cam1/frames/cam1_f000742.jpg
144,143,743,4,/Users/ohqishean/AIC-REID/experiments/dense_mot_cam1/frames/cam1_f000743.jpg
145,144,744,4,/Users/ohqishean/AIC-REID/experiments/dense_mot_cam1/frames/cam1_f000744.jpg
146,145,745,4,/Users/ohqishean/AIC-REID/experiments/dense_mot_cam1/frames/cam1_f000745.jpg
147,146,746,4,/Users/ohqishean/AIC-REID/experiments/dense_mot_cam1/frames/cam1_f000746.jpg
148,147,747,4,/Users/ohqishean/AIC-REID/experiments/dense_mot_cam1/frames/cam1_f000747.jpg
149,148,748,4,/Users/ohqishean/AIC-REID/experiments/dense_mot_cam1/frames/cam1_f000748.jpg
150,149,749,4,/Users/ohqishean/AIC-REID/experiments/dense_mot_cam1/frames/cam1_f000749.jpg
151,150,900,5,/Users/ohqishean/AIC-REID/experiments/dense_mot_cam1/frames/cam1_f000900.jpg
152,151,901,5,/Users/ohqishean/AIC-REID/experiments/dense_mot_cam1/frames/cam1_f000901.jpg
153,152,902,5,/Users/ohqishean/AIC-REID/experiments/dense_mot_cam1/frames/cam1_f000902.jpg
154,153,903,5,/Users/ohqishean/AIC-REID/experiments/dense_mot_cam1/frames/cam1_f000903.jpg
155,154,904,5,/Users/ohqishean/AIC-REID/experiments/dense_mot_cam1/frames/cam1_f000904.jpg
156,155,905,5,/Users/ohqishean/AIC-REID/experiments/dense_mot_cam1/frames/cam1_f000905.jpg
157,156,906,5,/Users/ohqishean/AIC-REID/experiments/dense_mot_cam1/frames/cam1_f000906.jpg
158,157,907,5,/Users/ohqishean/AIC-REID/experiments/dense_mot_cam1/frames/cam1_f000907.jpg
159,158,908,5,/Users/ohqishean/AIC-REID/experiments/dense_mot_cam1/frames/cam1_f000908.jpg
160,159,909,5,/Users/ohqishean/AIC-REID/experiments/dense_mot_cam1/frames/cam1_f000909.jpg
161,160,910,5,/Users/ohqishean/AIC-REID/experiments/dense_mot_cam1/frames/cam1_f000910.jpg
162,161,911,5,/Users/ohqishean/AIC-REID/experiments/dense_mot_cam1/frames/cam1_f000911.jpg
163,162,912,5,/Users/ohqishean/AIC-REID/experiments/dense_mot_cam1/frames/cam1_f000912.jpg
164,163,913,5,/Users/ohqishean/AIC-REID/experiments/dense_mot_cam1/frames/cam1_f000913.jpg
165,164,914,5,/Users/ohqishean/AIC-REID/experiments/dense_mot_cam1/frames/cam1_f000914.jpg
166,165,915,5,/Users/ohqishean/AIC-REID/experiments/dense_mot_cam1/frames/cam1_f000915.jpg
167,166,916,5,/Users/ohqishean/AIC-REID/experiments/dense_mot_cam1/frames/cam1_f000916.jpg
168,167,917,5,/Users/ohqishean/AIC-REID/experiments/dense_mot_cam1/frames/cam1_f000917.jpg
169,168,918,5,/Users/ohqishean/AIC-REID/experiments/dense_mot_cam1/frames/cam1_f000918.jpg
170,169,919,5,/Users/ohqishean/AIC-REID/experiments/dense_mot_cam1/frames/cam1_f000919.jpg
171,170,920,5,/Users/ohqishean/AIC-REID/experiments/dense_mot_cam1/frames/cam1_f000920.jpg
172,171,921,5,/Users/ohqishean/AIC-REID/experiments/dense_mot_cam1/frames/cam1_f000921.jpg
173,172,922,5,/Users/ohqishean/AIC-REID/experiments/dense_mot_cam1/frames/cam1_f000922.jpg
174,173,923,5,/Users/ohqishean/AIC-REID/experiments/dense_mot_cam1/frames/cam1_f000923.jpg
175,174,924,5,/Users/ohqishean/AIC-REID/experiments/dense_mot_cam1/frames/cam1_f000924.jpg
176,175,925,5,/Users/ohqishean/AIC-REID/experiments/dense_mot_cam1/frames/cam1_f000925.jpg
177,176,926,5,/Users/ohqishean/AIC-REID/experiments/dense_mot_cam1/frames/cam1_f000926.jpg
178,177,927,5,/Users/ohqishean/AIC-REID/experiments/dense_mot_cam1/frames/cam1_f000927.jpg
179,178,928,5,/Users/ohqishean/AIC-REID/experiments/dense_mot_cam1/frames/cam1_f000928.jpg
180,179,929,5,/Users/ohqishean/AIC-REID/experiments/dense_mot_cam1/frames/cam1_f000929.jpg
181,180,1080,6,/Users/ohqishean/AIC-REID/experiments/dense_mot_cam1/frames/cam1_f001080.jpg
182,181,1081,6,/Users/ohqishean/AIC-REID/experiments/dense_mot_cam1/frames/cam1_f001081.jpg
183,182,1082,6,/Users/ohqishean/AIC-REID/experiments/dense_mot_cam1/frames/cam1_f001082.jpg
184,183,1083,6,/Users/ohqishean/AIC-REID/experiments/dense_mot_cam1/frames/cam1_f001083.jpg
185,184,1084,6,/Users/ohqishean/AIC-REID/experiments/dense_mot_cam1/frames/cam1_f001084.jpg
186,185,1085,6,/Users/ohqishean/AIC-REID/experiments/dense_mot_cam1/frames/cam1_f001085.jpg
187,186,1086,6,/Users/ohqishean/AIC-REID/experiments/dense_mot_cam1/frames/cam1_f001086.jpg
188,187,1087,6,/Users/ohqishean/AIC-REID/experiments/dense_mot_cam1/frames/cam1_f001087.jpg
189,188,1088,6,/Users/ohqishean/AIC-REID/experiments/dense_mot_cam1/frames/cam1_f001088.jpg
190,189,1089,6,/Users/ohqishean/AIC-REID/experiments/dense_mot_cam1/frames/cam1_f001089.jpg
191,190,1090,6,/Users/ohqishean/AIC-REID/experiments/dense_mot_cam1/frames/cam1_f001090.jpg
192,191,1091,6,/Users/ohqishean/AIC-REID/experiments/dense_mot_cam1/frames/cam1_f001091.jpg
193,192,1092,6,/Users/ohqishean/AIC-REID/experiments/dense_mot_cam1/frames/cam1_f001092.jpg
194,193,1093,6,/Users/ohqishean/AIC-REID/experiments/dense_mot_cam1/frames/cam1_f001093.jpg
195,194,1094,6,/Users/ohqishean/AIC-REID/experiments/dense_mot_cam1/frames/cam1_f001094.jpg
196,195,1095,6,/Users/ohqishean/AIC-REID/experiments/dense_mot_cam1/frames/cam1_f001095.jpg
197,196,1096,6,/Users/ohqishean/AIC-REID/experiments/dense_mot_cam1/frames/cam1_f001096.jpg
198,197,1097,6,/Users/ohqishean/AIC-REID/experiments/dense_mot_cam1/frames/cam1_f001097.jpg
199,198,1098,6,/Users/ohqishean/AIC-REID/experiments/dense_mot_cam1/frames/cam1_f001098.jpg
200,199,1099,6,/Users/ohqishean/AIC-REID/experiments/dense_mot_cam1/frames/cam1_f001099.jpg
201,200,1100,6,/Users/ohqishean/AIC-REID/experiments/dense_mot_cam1/frames/cam1_f001100.jpg
202,201,1101,6,/Users/ohqishean/AIC-REID/experiments/dense_mot_cam1/frames/cam1_f001101.jpg
203,202,1102,6,/Users/ohqishean/AIC-REID/experiments/dense_mot_cam1/frames/cam1_f001102.jpg
204,203,1103,6,/Users/ohqishean/AIC-REID/experiments/dense_mot_cam1/frames/cam1_f001103.jpg
205,204,1104,6,/Users/ohqishean/AIC-REID/experiments/dense_mot_cam1/frames/cam1_f001104.jpg
206,205,1105,6,/Users/ohqishean/AIC-REID/experiments/dense_mot_cam1/frames/cam1_f001105.jpg
207,206,1106,6,/Users/ohqishean/AIC-REID/experiments/dense_mot_cam1/frames/cam1_f001106.jpg
208,207,1107,6,/Users/ohqishean/AIC-REID/experiments/dense_mot_cam1/frames/cam1_f001107.jpg
209,208,1108,6,/Users/ohqishean/AIC-REID/experiments/dense_mot_cam1/frames/cam1_f001108.jpg
210,209,1109,6,/Users/ohqishean/AIC-REID/experiments/dense_mot_cam1/frames/cam1_f001109.jpg
211,210,1260,7,/Users/ohqishean/AIC-REID/experiments/dense_mot_cam1/frames/cam1_f001260.jpg
212,211,1261,7,/Users/ohqishean/AIC-REID/experiments/dense_mot_cam1/frames/cam1_f001261.jpg
213,212,1262,7,/Users/ohqishean/AIC-REID/experiments/dense_mot_cam1/frames/cam1_f001262.jpg
214,213,1263,7,/Users/ohqishean/AIC-REID/experiments/dense_mot_cam1/frames/cam1_f001263.jpg
215,214,1264,7,/Users/ohqishean/AIC-REID/experiments/dense_mot_cam1/frames/cam1_f001264.jpg
216,215,1265,7,/Users/ohqishean/AIC-REID/experiments/dense_mot_cam1/frames/cam1_f001265.jpg
217,216,1266,7,/Users/ohqishean/AIC-REID/experiments/dense_mot_cam1/frames/cam1_f001266.jpg
218,217,1267,7,/Users/ohqishean/AIC-REID/experiments/dense_mot_cam1/frames/cam1_f001267.jpg
219,218,1268,7,/Users/ohqishean/AIC-REID/experiments/dense_mot_cam1/frames/cam1_f001268.jpg
220,219,1269,7,/Users/ohqishean/AIC-REID/experiments/dense_mot_cam1/frames/cam1_f001269.jpg
221,220,1270,7,/Users/ohqishean/AIC-REID/experiments/dense_mot_cam1/frames/cam1_f001270.jpg
222,221,1271,7,/Users/ohqishean/AIC-REID/experiments/dense_mot_cam1/frames/cam1_f001271.jpg
223,222,1272,7,/Users/ohqishean/AIC-REID/experiments/dense_mot_cam1/frames/cam1_f001272.jpg
224,223,1273,7,/Users/ohqishean/AIC-REID/experiments/dense_mot_cam1/frames/cam1_f001273.jpg
225,224,1274,7,/Users/ohqishean/AIC-REID/experiments/dense_mot_cam1/frames/cam1_f001274.jpg
226,225,1275,7,/Users/ohqishean/AIC-REID/experiments/dense_mot_cam1/frames/cam1_f001275.jpg
227,226,1276,7,/Users/ohqishean/AIC-REID/experiments/dense_mot_cam1/frames/cam1_f001276.jpg
228,227,1277,7,/Users/ohqishean/AIC-REID/experiments/dense_mot_cam1/frames/cam1_f001277.jpg
229,228,1278,7,/Users/ohqishean/AIC-REID/experiments/dense_mot_cam1/frames/cam1_f001278.jpg
230,229,1279,7,/Users/ohqishean/AIC-REID/experiments/dense_mot_cam1/frames/cam1_f001279.jpg
231,230,1280,7,/Users/ohqishean/AIC-REID/experiments/dense_mot_cam1/frames/cam1_f001280.jpg
232,231,1281,7,/Users/ohqishean/AIC-REID/experiments/dense_mot_cam1/frames/cam1_f001281.jpg
233,232,1282,7,/Users/ohqishean/AIC-REID/experiments/dense_mot_cam1/frames/cam1_f001282.jpg
234,233,1283,7,/Users/ohqishean/AIC-REID/experiments/dense_mot_cam1/frames/cam1_f001283.jpg
235,234,1284,7,/Users/ohqishean/AIC-REID/experiments/dense_mot_cam1/frames/cam1_f001284.jpg
236,235,1285,7,/Users/ohqishean/AIC-REID/experiments/dense_mot_cam1/frames/cam1_f001285.jpg
237,236,1286,7,/Users/ohqishean/AIC-REID/experiments/dense_mot_cam1/frames/cam1_f001286.jpg
238,237,1287,7,/Users/ohqishean/AIC-REID/experiments/dense_mot_cam1/frames/cam1_f001287.jpg
239,238,1288,7,/Users/ohqishean/AIC-REID/experiments/dense_mot_cam1/frames/cam1_f001288.jpg
240,239,1289,7,/Users/ohqishean/AIC-REID/experiments/dense_mot_cam1/frames/cam1_f001289.jpg
241,240,1440,8,/Users/ohqishean/AIC-REID/experiments/dense_mot_cam1/frames/cam1_f001440.jpg
242,241,1441,8,/Users/ohqishean/AIC-REID/experiments/dense_mot_cam1/frames/cam1_f001441.jpg
243,242,1442,8,/Users/ohqishean/AIC-REID/experiments/dense_mot_cam1/frames/cam1_f001442.jpg
244,243,1443,8,/Users/ohqishean/AIC-REID/experiments/dense_mot_cam1/frames/cam1_f001443.jpg
245,244,1444,8,/Users/ohqishean/AIC-REID/experiments/dense_mot_cam1/frames/cam1_f001444.jpg
246,245,1445,8,/Users/ohqishean/AIC-REID/experiments/dense_mot_cam1/frames/cam1_f001445.jpg
247,246,1446,8,/Users/ohqishean/AIC-REID/experiments/dense_mot_cam1/frames/cam1_f001446.jpg
248,247,1447,8,/Users/ohqishean/AIC-REID/experiments/dense_mot_cam1/frames/cam1_f001447.jpg
249,248,1448,8,/Users/ohqishean/AIC-REID/experiments/dense_mot_cam1/frames/cam1_f001448.jpg
250,249,1449,8,/Users/ohqishean/AIC-REID/experiments/dense_mot_cam1/frames/cam1_f001449.jpg
251,250,1450,8,/Users/ohqishean/AIC-REID/experiments/dense_mot_cam1/frames/cam1_f001450.jpg
252,251,1451,8,/Users/ohqishean/AIC-REID/experiments/dense_mot_cam1/frames/cam1_f001451.jpg
253,252,1452,8,/Users/ohqishean/AIC-REID/experiments/dense_mot_cam1/frames/cam1_f001452.jpg
254,253,1453,8,/Users/ohqishean/AIC-REID/experiments/dense_mot_cam1/frames/cam1_f001453.jpg
255,254,1454,8,/Users/ohqishean/AIC-REID/experiments/dense_mot_cam1/frames/cam1_f001454.jpg
256,255,1455,8,/Users/ohqishean/AIC-REID/experiments/dense_mot_cam1/frames/cam1_f001455.jpg
257,256,1456,8,/Users/ohqishean/AIC-REID/experiments/dense_mot_cam1/frames/cam1_f001456.jpg
258,257,1457,8,/Users/ohqishean/AIC-REID/experiments/dense_mot_cam1/frames/cam1_f001457.jpg
259,258,1458,8,/Users/ohqishean/AIC-REID/experiments/dense_mot_cam1/frames/cam1_f001458.jpg
260,259,1459,8,/Users/ohqishean/AIC-REID/experiments/dense_mot_cam1/frames/cam1_f001459.jpg
261,260,1460,8,/Users/ohqishean/AIC-REID/experiments/dense_mot_cam1/frames/cam1_f001460.jpg
262,261,1461,8,/Users/ohqishean/AIC-REID/experiments/dense_mot_cam1/frames/cam1_f001461.jpg
263,262,1462,8,/Users/ohqishean/AIC-REID/experiments/dense_mot_cam1/frames/cam1_f001462.jpg
264,263,1463,8,/Users/ohqishean/AIC-REID/experiments/dense_mot_cam1/frames/cam1_f001463.jpg
265,264,1464,8,/Users/ohqishean/AIC-REID/experiments/dense_mot_cam1/frames/cam1_f001464.jpg
266,265,1465,8,/Users/ohqishean/AIC-REID/experiments/dense_mot_cam1/frames/cam1_f001465.jpg
267,266,1466,8,/Users/ohqishean/AIC-REID/experiments/dense_mot_cam1/frames/cam1_f001466.jpg
268,267,1467,8,/Users/ohqishean/AIC-REID/experiments/dense_mot_cam1/frames/cam1_f001467.jpg
269,268,1468,8,/Users/ohqishean/AIC-REID/experiments/dense_mot_cam1/frames/cam1_f001468.jpg
270,269,1469,8,/Users/ohqishean/AIC-REID/experiments/dense_mot_cam1/frames/cam1_f001469.jpg
271,270,1710,9,/Users/ohqishean/AIC-REID/experiments/dense_mot_cam1/frames/cam1_f001710.jpg
272,271,1711,9,/Users/ohqishean/AIC-REID/experiments/dense_mot_cam1/frames/cam1_f001711.jpg
273,272,1712,9,/Users/ohqishean/AIC-REID/experiments/dense_mot_cam1/frames/cam1_f001712.jpg
274,273,1713,9,/Users/ohqishean/AIC-REID/experiments/dense_mot_cam1/frames/cam1_f001713.jpg
275,274,1714,9,/Users/ohqishean/AIC-REID/experiments/dense_mot_cam1/frames/cam1_f001714.jpg
276,275,1715,9,/Users/ohqishean/AIC-REID/experiments/dense_mot_cam1/frames/cam1_f001715.jpg
277,276,1716,9,/Users/ohqishean/AIC-REID/experiments/dense_mot_cam1/frames/cam1_f001716.jpg
278,277,1717,9,/Users/ohqishean/AIC-REID/experiments/dense_mot_cam1/frames/cam1_f001717.jpg
279,278,1718,9,/Users/ohqishean/AIC-REID/experiments/dense_mot_cam1/frames/cam1_f001718.jpg
280,279,1719,9,/Users/ohqishean/AIC-REID/experiments/dense_mot_cam1/frames/cam1_f001719.jpg
281,280,1720,9,/Users/ohqishean/AIC-REID/experiments/dense_mot_cam1/frames/cam1_f001720.jpg
282,281,1721,9,/Users/ohqishean/AIC-REID/experiments/dense_mot_cam1/frames/cam1_f001721.jpg
283,282,1722,9,/Users/ohqishean/AIC-REID/experiments/dense_mot_cam1/frames/cam1_f001722.jpg
284,283,1723,9,/Users/ohqishean/AIC-REID/experiments/dense_mot_cam1/frames/cam1_f001723.jpg
285,284,1724,9,/Users/ohqishean/AIC-REID/experiments/dense_mot_cam1/frames/cam1_f001724.jpg
286,285,1725,9,/Users/ohqishean/AIC-REID/experiments/dense_mot_cam1/frames/cam1_f001725.jpg
287,286,1726,9,/Users/ohqishean/AIC-REID/experiments/dense_mot_cam1/frames/cam1_f001726.jpg
288,287,1727,9,/Users/ohqishean/AIC-REID/experiments/dense_mot_cam1/frames/cam1_f001727.jpg
289,288,1728,9,/Users/ohqishean/AIC-REID/experiments/dense_mot_cam1/frames/cam1_f001728.jpg
290,289,1729,9,/Users/ohqishean/AIC-REID/experiments/dense_mot_cam1/frames/cam1_f001729.jpg
291,290,1730,9,/Users/ohqishean/AIC-REID/experiments/dense_mot_cam1/frames/cam1_f001730.jpg
292,291,1731,9,/Users/ohqishean/AIC-REID/experiments/dense_mot_cam1/frames/cam1_f001731.jpg
293,292,1732,9,/Users/ohqishean/AIC-REID/experiments/dense_mot_cam1/frames/cam1_f001732.jpg
294,293,1733,9,/Users/ohqishean/AIC-REID/experiments/dense_mot_cam1/frames/cam1_f001733.jpg
295,294,1734,9,/Users/ohqishean/AIC-REID/experiments/dense_mot_cam1/frames/cam1_f001734.jpg
296,295,1735,9,/Users/ohqishean/AIC-REID/experiments/dense_mot_cam1/frames/cam1_f001735.jpg
297,296,1736,9,/Users/ohqishean/AIC-REID/experiments/dense_mot_cam1/frames/cam1_f001736.jpg
298,297,1737,9,/Users/ohqishean/AIC-REID/experiments/dense_mot_cam1/frames/cam1_f001737.jpg
299,298,1738,9,/Users/ohqishean/AIC-REID/experiments/dense_mot_cam1/frames/cam1_f001738.jpg
300,299,1739,9,/Users/ohqishean/AIC-REID/experiments/dense_mot_cam1/frames/cam1_f001739.jpg
